date,forecast_calls_base,forecast_hours_off_base,special_event,calls_multiplier,hours_multiplier,forecast_calls,forecast_hours_off,risk_level,day_name,month,is_high_calls,is_high_hours,is_intersection,challenge_type
2025-01-01,150.24735815537937,259.5307024310405,New Year Day,1.3,1.4,195.3215656019932,363.3429834034566,High Risk,Wednesday,1,True,True,True,CRITICAL: High Calls + High Hours
2025-01-02,136.46037411155325,265.46482506848076,,1.0,1.0,136.46037411155325,265.46482506848076,Normal,Thursday,1,False,False,False,Normal
2025-01-03,122.19143737185391,264.57078900461227,,1.0,1.0,122.19143737185391,264.57078900461227,Normal,Friday,1,False,False,False,Normal
2025-01-04,138.21443947956706,271.29918611169603,,1.0,1.0,138.21443947956706,271.29918611169603,Normal,Saturday,1,False,False,False,Normal
2025-01-05,140.4592255257441,278.3856133963616,,1.0,1.0,140.4592255257441,278.3856133963616,Normal,Sunday,1,False,False,False,Normal
2025-01-06,142.19335383735663,277.4565076153501,,1.0,1.0,142.19335383735663,277.4565076153501,High Calls,Monday,1,True,False,False,High Calls Only
2025-01-07,144.4045145430658,284.6094506252699,,1.0,1.0,144.4045145430658,284.6094506252699,High Calls,Tuesday,1,True,False,False,High Calls Only
2025-01-08,151.02814688578152,288.7271591551096,,1.0,1.0,151.02814688578152,288.7271591551096,High Calls,Wednesday,1,True,False,False,High Calls Only
2025-01-09,136.87613673800456,277.6259018612987,,1.0,1.0,136.87613673800456,277.6259018612987,Normal,Thursday,1,False,False,False,Normal
2025-01-10,122.58248508980999,270.6647033479826,,1.0,1.0,122.58248508980999,270.6647033479826,Normal,Friday,1,False,False,False,Normal
2025-01-11,138.53197552221826,274.1501094499068,,1.0,1.0,138.53197552221826,274.1501094499068,Normal,Saturday,1,False,False,False,Normal
2025-01-12,140.76496568858127,278.9337731227134,,1.0,1.0,140.76496568858127,278.9337731227134,Normal,Sunday,1,False,False,False,Normal
2025-01-13,142.51248282368266,282.0527698082326,,1.0,1.0,142.51248282368266,282.0527698082326,High Calls,Monday,1,True,False,False,High Calls Only
2025-01-14,144.74056440843887,287.8034343668424,,1.0,1.0,144.74056440843887,287.8034343668424,High Calls,Tuesday,1,True,False,False,High Calls Only
2025-01-15,151.35568854003392,290.57126348323396,,1.0,1.0,151.35568854003392,290.57126348323396,High Calls,Wednesday,1,True,False,False,High Calls Only
2025-01-16,137.20282132676837,278.65715427215804,,1.0,1.0,137.20282132676837,278.65715427215804,Normal,Thursday,1,False,False,False,Normal
2025-01-17,122.9091116437194,271.3943620648042,,1.0,1.0,122.9091116437194,271.3943620648042,Normal,Friday,1,False,False,False,Normal
2025-01-18,138.8584294949178,274.7207646798315,,1.0,1.0,138.8584294949178,274.7207646798315,Normal,Saturday,1,False,False,False,Normal
2025-01-19,141.09139196850586,279.396458792375,,1.0,1.0,141.09139196850586,279.396458792375,Normal,Sunday,1,False,False,False,Normal
2025-01-20,142.83894053586613,282.6812608700272,,1.0,1.0,142.83894053586613,282.6812608700272,High Calls,Monday,1,True,False,False,High Calls Only
2025-01-21,145.06706184493086,288.37016472362626,,1.0,1.0,145.06706184493086,288.37016472362626,High Calls,Tuesday,1,True,False,False,High Calls Only
2025-01-22,151.68216600221925,291.07974471354606,,1.0,1.0,151.68216600221925,291.07974471354606,High Calls,Wednesday,1,True,False,False,High Calls Only
2025-01-23,137.52929677686342,279.13070249701497,,1.0,1.0,137.52929677686342,279.13070249701497,Normal,Thursday,1,False,False,False,Normal
2025-01-24,123.23558695756887,271.85488057719016,,1.0,1.0,123.23558695756887,271.85488057719016,Normal,Friday,1,False,False,False,Normal
2025-01-25,139.1849044036069,275.17442575474007,,1.0,1.0,139.1849044036069,275.17442575474007,Normal,Saturday,1,False,False,False,Normal
2025-01-26,141.41786681218204,279.8454905829,,1.0,1.0,141.41786681218204,279.8454905829,Normal,Sunday,1,False,False,False,Normal
2025-01-27,143.1654154533343,283.13726347043433,,1.0,1.0,143.1654154533343,283.13726347043433,High Calls,Monday,1,True,False,False,High Calls Only
2025-01-28,145.39353685565783,288.82354225373365,,1.0,1.0,145.39353685565783,288.82354225373365,High Calls,Tuesday,1,True,False,False,High Calls Only
2025-01-29,152.00864096605352,291.5306538108255,,1.0,1.0,152.00864096605352,291.5306538108255,High Calls,Wednesday,1,True,False,False,High Calls Only
2025-01-30,137.855771735974,279.5801321254462,,1.0,1.0,137.855771735974,279.5801321254462,Normal,Thursday,1,False,False,False,Normal
2025-01-31,123.56206191635961,272.3037579461123,,1.0,1.0,123.56206191635961,272.3037579461123,Normal,Friday,1,False,False,False,Normal
2025-02-01,139.51137936144644,275.62301254855413,,1.0,1.0,139.51137936144644,275.62301254855413,Normal,Saturday,2,False,False,False,Normal
2025-02-02,141.74434176986898,280.29388138696106,,1.0,1.0,141.74434176986898,280.29388138696106,Normal,Sunday,2,False,False,False,Normal
2025-02-03,143.49189041119448,283.5859485265262,,1.0,1.0,143.49189041119448,283.5859485265262,High Calls,Monday,2,True,False,False,High Calls Only
2025-02-04,145.72001181373696,289.2721163170702,,1.0,1.0,145.72001181373696,289.2721163170702,High Calls,Tuesday,2,True,False,False,High Calls Only
2025-02-05,152.33511592402257,291.97912355123003,,1.0,1.0,152.33511592402257,291.97912355123003,High Calls,Wednesday,2,True,False,False,High Calls Only
2025-02-06,138.18224669393197,280.0285393450158,,1.0,1.0,138.18224669393197,280.0285393450158,Normal,Thursday,2,False,False,False,Normal
2025-02-07,123.88853687431684,272.752141825018,,1.0,1.0,123.88853687431684,272.752141825018,Normal,Friday,2,False,False,False,Normal
2025-02-08,139.83785431940143,276.07138414708703,,1.0,1.0,139.83785431940143,276.07138414708703,Normal,Saturday,2,False,False,False,Normal
2025-02-09,142.07081672782357,280.74224470360105,,1.0,1.0,142.07081672782357,280.74224470360105,High Calls,Sunday,2,True,False,False,High Calls Only
2025-02-10,143.81836536914946,284.0343242717502,,1.0,1.0,143.81836536914946,284.0343242717502,High Calls,Monday,2,True,False,False,High Calls Only
2025-02-11,146.04648677169246,289.72048737302265,,1.0,1.0,146.04648677169246,289.72048737302265,High Calls,Tuesday,2,True,False,False,High Calls Only
2025-02-12,152.6615908819778,292.4274902000001,,1.0,1.0,152.6615908819778,292.4274902000001,High Calls,Wednesday,2,True,False,False,High Calls Only
2025-02-13,138.50872165188716,280.47690335259347,,1.0,1.0,138.50872165188716,280.47690335259347,Normal,Thursday,2,False,False,False,Normal
2025-02-14,124.21501183227201,273.20050484655195,,1.0,1.0,124.21501183227201,273.20050484655195,Normal,Friday,2,False,False,False,Normal
2025-02-15,140.16432927735661,276.51974664983055,,1.0,1.0,140.16432927735661,276.51974664983055,Normal,Saturday,2,False,False,False,Normal
2025-02-16,142.39729168577878,281.1906068564788,,1.0,1.0,142.39729168577878,281.1906068564788,High Calls,Sunday,2,True,False,False,High Calls Only
2025-02-17,144.14484032710467,284.4826869496338,Family Day,1.15,1.25,165.76656637617037,355.6033586870422,High Risk,Monday,2,True,True,True,CRITICAL: High Calls + High Hours
2025-02-18,146.37296172964767,290.16884985281536,,1.0,1.0,146.37296172964767,290.16884985281536,High Calls,Tuesday,2,True,False,False,High Calls Only
2025-02-19,152.988065839933,292.8758524936203,,1.0,1.0,152.988065839933,292.8758524936203,High Calls,Wednesday,2,True,False,False,High Calls Only
2025-02-20,138.83519660984237,280.9252655346421,,1.0,1.0,138.83519660984237,280.9252655346421,Normal,Thursday,2,False,False,False,Normal
2025-02-21,124.54148679022722,273.64886698694716,,1.0,1.0,124.54148679022722,273.64886698694716,Normal,Friday,2,False,False,False,Normal
2025-02-22,140.49080423531183,276.9681087683105,,1.0,1.0,140.49080423531183,276.9681087683105,Normal,Saturday,2,False,False,False,Normal
2025-02-23,142.723766643734,281.6389689601794,,1.0,1.0,142.723766643734,281.6389689601794,High Calls,Sunday,2,True,False,False,High Calls Only
2025-02-24,144.4713152850599,284.9310490755119,,1.0,1.0,144.4713152850599,284.9310490755119,High Calls,Monday,2,True,False,False,High Calls Only
2025-02-25,146.69943668760288,290.6172119703256,,1.0,1.0,146.69943668760288,290.6172119703256,High Calls,Tuesday,2,True,False,False,High Calls Only
2025-02-26,153.3145407978882,293.32421460326617,,1.0,1.0,153.3145407978882,293.32421460326617,High Calls,Wednesday,2,True,False,False,High Calls Only
2025-02-27,139.16167156779758,281.3736276395749,,1.0,1.0,139.16167156779758,281.3736276395749,Normal,Thursday,2,False,False,False,Normal
2025-02-28,124.86796174818244,274.0972290901204,,1.0,1.0,124.86796174818244,274.0972290901204,Normal,Friday,2,False,False,False,Normal
2025-03-01,140.81727919326704,277.416470870558,,1.0,1.0,140.81727919326704,277.416470870558,Normal,Saturday,3,False,False,False,Normal
2025-03-02,143.0502416016892,282.0873310618026,,1.0,1.0,143.0502416016892,282.0873310618026,High Calls,Sunday,3,True,False,False,High Calls Only
2025-03-03,144.7977902430151,285.37941117807196,,1.0,1.0,144.7977902430151,285.37941117807196,High Calls,Monday,3,True,False,False,High Calls Only
2025-03-04,147.0259116455581,291.06557407253223,,1.0,1.0,147.0259116455581,291.06557407253223,High Calls,Tuesday,3,True,False,False,High Calls Only
2025-03-05,153.64101575584343,293.7725767051406,,1.0,1.0,153.64101575584343,293.7725767051406,High Calls,Wednesday,3,True,False,False,High Calls Only
2025-03-06,139.4881465257528,281.82198974125026,,1.0,1.0,139.4881465257528,281.82198974125026,Normal,Thursday,3,False,False,False,Normal
2025-03-07,125.19443670613765,274.54559119172137,,1.0,1.0,125.19443670613765,274.54559119172137,Normal,Friday,3,False,False,False,Normal
2025-03-08,141.14375415122225,277.86483297211987,,1.0,1.0,141.14375415122225,277.86483297211987,Normal,Saturday,3,False,False,False,Normal
2025-03-09,143.37671655964442,282.5356931633381,,1.0,1.0,143.37671655964442,282.5356931633381,High Calls,Sunday,3,True,False,False,High Calls Only
2025-03-10,145.1242652009703,285.82777327964703,,1.0,1.0,145.1242652009703,285.82777327964703,High Calls,Monday,3,True,False,False,High Calls Only
2025-03-11,147.3523866035133,291.5139361740923,,1.0,1.0,147.3523866035133,291.5139361740923,High Calls,Tuesday,3,True,False,False,High Calls Only
2025-03-12,153.96749071379864,294.2209388066866,,1.0,1.0,153.96749071379864,294.2209388066866,High Calls,Wednesday,3,True,False,False,High Calls Only
2025-03-13,139.814621483708,282.2703518427879,,1.0,1.0,139.814621483708,282.2703518427879,Normal,Thursday,3,False,False,False,Normal
2025-03-14,125.52091166409286,274.9939532932559,,1.0,1.0,125.52091166409286,274.9939532932559,Normal,Friday,3,False,False,False,Normal
2025-03-15,141.47022910917747,278.31319507365276,,1.0,1.0,141.47022910917747,278.31319507365276,Normal,Saturday,3,False,False,False,Normal
2025-03-16,143.70319151759963,282.9840552648699,,1.0,1.0,143.70319151759963,282.9840552648699,High Calls,Sunday,3,True,False,False,High Calls Only
2025-03-17,145.45074015892553,286.27613538118044,,1.0,1.0,145.45074015892553,286.27613538118044,High Calls,Monday,3,True,False,False,High Calls Only
2025-03-18,147.67886156146852,291.96229827562513,,1.0,1.0,147.67886156146852,291.96229827562513,High Calls,Tuesday,3,True,False,False,High Calls Only
2025-03-19,154.29396567175385,294.6693009082189,,1.0,1.0,154.29396567175385,294.6693009082189,High Calls,Wednesday,3,True,False,False,High Calls Only
2025-03-20,140.14109644166322,282.7187139443198,,1.0,1.0,140.14109644166322,282.7187139443198,Normal,Thursday,3,False,False,False,Normal
2025-03-21,125.84738662204808,275.44231539478767,,1.0,1.0,125.84738662204808,275.44231539478767,Normal,Friday,3,False,False,False,Normal
2025-03-22,141.79670406713268,278.76155717518446,,1.0,1.0,141.79670406713268,278.76155717518446,Normal,Saturday,3,False,False,False,Normal
2025-03-23,144.02966647555485,283.4324173664015,,1.0,1.0,144.02966647555485,283.4324173664015,High Calls,Sunday,3,True,False,False,High Calls Only
2025-03-24,145.77721511688074,286.7244974827122,,1.0,1.0,145.77721511688074,286.7244974827122,High Calls,Monday,3,True,False,False,High Calls Only
2025-03-25,148.00533651942374,292.4106603771569,,1.0,1.0,148.00533651942374,292.4106603771569,High Calls,Tuesday,3,True,False,False,High Calls Only
2025-03-26,154.62044062970907,295.1176630097506,,1.0,1.0,154.62044062970907,295.1176630097506,High Calls,Wednesday,3,True,False,False,High Calls Only
2025-03-27,140.46757139961844,283.1670760458515,,1.0,1.0,140.46757139961844,283.1670760458515,Normal,Thursday,3,False,False,False,Normal
2025-03-28,126.17386158000329,275.89067749631937,,1.0,1.0,126.17386158000329,275.89067749631937,Normal,Friday,3,False,False,False,Normal
2025-03-29,142.1231790250879,279.20991927671616,,1.0,1.0,142.1231790250879,279.20991927671616,High Calls,Saturday,3,True,False,False,High Calls Only
2025-03-30,144.35614143351006,283.8807794679332,,1.0,1.0,144.35614143351006,283.8807794679332,High Calls,Sunday,3,True,False,False,High Calls Only
2025-03-31,146.10369007483595,287.1728595842439,,1.0,1.0,146.10369007483595,287.1728595842439,High Calls,Monday,3,True,False,False,High Calls Only
2025-04-01,148.33181147737895,292.85902247868853,,1.0,1.0,148.33181147737895,292.85902247868853,High Calls,Tuesday,4,True,False,False,High Calls Only
2025-04-02,154.94691558766428,295.5660251112822,,1.0,1.0,154.94691558766428,295.5660251112822,High Calls,Wednesday,4,True,False,False,High Calls Only
2025-04-03,140.79404635757365,283.6154381473831,,1.0,1.0,140.79404635757365,283.6154381473831,Normal,Thursday,4,False,False,False,Normal
2025-04-04,126.5003365379585,276.33903959785096,,1.0,1.0,126.5003365379585,276.33903959785096,Normal,Friday,4,False,False,False,Normal
2025-04-05,142.4496539830431,279.65828137824775,,1.0,1.0,142.4496539830431,279.65828137824775,High Calls,Saturday,4,True,False,False,High Calls Only
2025-04-06,144.68261639146527,284.3291415694648,,1.0,1.0,144.68261639146527,284.3291415694648,High Calls,Sunday,4,True,False,False,High Calls Only
2025-04-07,146.43016503279117,287.6212216857755,,1.0,1.0,146.43016503279117,287.6212216857755,High Calls,Monday,4,True,False,False,High Calls Only
2025-04-08,148.65828643533416,293.3073845802201,,1.0,1.0,148.65828643533416,293.3073845802201,High Calls,Tuesday,4,True,False,False,High Calls Only
2025-04-09,155.2733905456195,296.0143872128138,,1.0,1.0,155.2733905456195,296.0143872128138,High Calls,Wednesday,4,True,False,False,High Calls Only
2025-04-10,141.12052131552886,284.0638002489147,,1.0,1.0,141.12052131552886,284.0638002489147,Normal,Thursday,4,False,False,False,Normal
2025-04-11,126.82681149591372,276.78740169938254,,1.0,1.0,126.82681149591372,276.78740169938254,Normal,Friday,4,False,False,False,Normal
2025-04-12,142.77612894099832,280.10664347977934,,1.0,1.0,142.77612894099832,280.10664347977934,High Calls,Saturday,4,True,False,False,High Calls Only
2025-04-13,145.0090913494205,284.7775036709964,,1.0,1.0,145.0090913494205,284.7775036709964,High Calls,Sunday,4,True,False,False,High Calls Only
2025-04-14,146.75663999074638,288.06958378730707,,1.0,1.0,146.75663999074638,288.06958378730707,High Calls,Monday,4,True,False,False,High Calls Only
2025-04-15,148.98476139328938,293.7557466817517,,1.0,1.0,148.98476139328938,293.7557466817517,High Calls,Tuesday,4,True,False,False,High Calls Only
2025-04-16,155.5998655035747,296.4627493143454,,1.0,1.0,155.5998655035747,296.4627493143454,High Calls,Wednesday,4,True,False,False,High Calls Only
2025-04-17,141.44699627348407,284.51216235044626,,1.0,1.0,141.44699627348407,284.51216235044626,Normal,Thursday,4,False,False,False,Normal
2025-04-18,127.15328645386893,277.2357638009141,Good Friday,1.1,1.3,139.86861509925583,360.4064929411884,High Absence,Friday,4,False,True,False,High Hours Off Only
2025-04-19,143.10260389895353,280.5550055813109,,1.0,1.0,143.10260389895353,280.5550055813109,High Calls,Saturday,4,True,False,False,High Calls Only
2025-04-20,145.3355663073757,285.225865772528,Easter Sunday,1.1,1.2,159.8691229381133,342.27103892703354,High Risk,Sunday,4,True,True,True,CRITICAL: High Calls + High Hours
2025-04-21,147.0831149487016,288.51794588883865,Easter Monday,1.1,1.25,161.79142644357177,360.64743236104835,High Risk,Monday,4,True,True,True,CRITICAL: High Calls + High Hours
2025-04-22,149.3112363512446,294.2041087832833,,1.0,1.0,149.3112363512446,294.2041087832833,High Calls,Tuesday,4,True,False,False,High Calls Only
2025-04-23,155.92634046152992,296.911111415877,,1.0,1.0,155.92634046152992,296.911111415877,High Calls,Wednesday,4,True,False,False,High Calls Only
2025-04-24,141.7734712314393,284.96052445197785,,1.0,1.0,141.7734712314393,284.96052445197785,Normal,Thursday,4,False,False,False,Normal
2025-04-25,127.47976141182414,277.6841259024457,,1.0,1.0,127.47976141182414,277.6841259024457,Normal,Friday,4,False,False,False,Normal
2025-04-26,143.42907885690875,281.0033676828425,,1.0,1.0,143.42907885690875,281.0033676828425,High Calls,Saturday,4,True,False,False,High Calls Only
2025-04-27,145.6620412653309,285.67422787405957,,1.0,1.0,145.6620412653309,285.67422787405957,High Calls,Sunday,4,True,False,False,High Calls Only
2025-04-28,147.4095899066568,288.96630799037024,,1.0,1.0,147.4095899066568,288.96630799037024,High Calls,Monday,4,True,False,False,High Calls Only
2025-04-29,149.6377113091998,294.6524708848149,,1.0,1.0,149.6377113091998,294.6524708848149,High Calls,Tuesday,4,True,False,False,High Calls Only
2025-04-30,156.25281541948513,297.35947351740856,,1.0,1.0,156.25281541948513,297.35947351740856,High Calls,Wednesday,4,True,False,False,High Calls Only
2025-05-01,142.0999461893945,285.40888655350943,,1.0,1.0,142.0999461893945,285.40888655350943,High Calls,Thursday,5,True,False,False,High Calls Only
2025-05-02,127.80623636977936,278.1324880039773,,1.0,1.0,127.80623636977936,278.1324880039773,Normal,Friday,5,False,False,False,Normal
2025-05-03,143.75555381486396,281.4517297843741,,1.0,1.0,143.75555381486396,281.4517297843741,High Calls,Saturday,5,True,False,False,High Calls Only
2025-05-04,145.98851622328613,286.12258997559115,,1.0,1.0,145.98851622328613,286.12258997559115,High Calls,Sunday,5,True,False,False,High Calls Only
2025-05-05,147.73606486461202,289.4146700919018,,1.0,1.0,147.73606486461202,289.4146700919018,High Calls,Monday,5,True,False,False,High Calls Only
2025-05-06,149.96418626715501,295.10083298634646,,1.0,1.0,149.96418626715501,295.10083298634646,High Calls,Tuesday,5,True,False,False,High Calls Only
2025-05-07,156.57929037744034,297.80783561894015,,1.0,1.0,156.57929037744034,297.80783561894015,High Calls,Wednesday,5,True,False,False,High Calls Only
2025-05-08,142.4264211473497,285.857248655041,,1.0,1.0,142.4264211473497,285.857248655041,High Calls,Thursday,5,True,False,False,High Calls Only
2025-05-09,128.13271132773457,278.5808501055089,,1.0,1.0,128.13271132773457,278.5808501055089,Normal,Friday,5,False,False,False,Normal
2025-05-10,144.08202877281917,281.9000918859057,,1.0,1.0,144.08202877281917,281.9000918859057,High Calls,Saturday,5,True,False,False,High Calls Only
2025-05-11,146.31499118124134,286.57095207712274,,1.0,1.0,146.31499118124134,286.57095207712274,High Calls,Sunday,5,True,False,False,High Calls Only
2025-05-12,148.06253982256723,289.8630321934334,,1.0,1.0,148.06253982256723,289.8630321934334,High Calls,Monday,5,True,False,False,High Calls Only
2025-05-13,150.29066122511023,295.54919508787805,,1.0,1.0,150.29066122511023,295.54919508787805,High Calls,Tuesday,5,True,False,False,High Calls Only
2025-05-14,156.90576533539556,298.25619772047173,,1.0,1.0,156.90576533539556,298.25619772047173,High Calls,Wednesday,5,True,False,False,High Calls Only
2025-05-15,142.75289610530493,286.3056107565726,,1.0,1.0,142.75289610530493,286.3056107565726,High Calls,Thursday,5,True,False,False,High Calls Only
2025-05-16,128.45918628568978,279.0292122070405,,1.0,1.0,128.45918628568978,279.0292122070405,Normal,Friday,5,False,False,False,Normal
2025-05-17,144.40850373077438,282.34845398743727,,1.0,1.0,144.40850373077438,282.34845398743727,High Calls,Saturday,5,True,False,False,High Calls Only
2025-05-18,146.64146613919655,287.0193141786543,Victoria Day Weekend,1.15,1.2,168.63768606007602,344.4231770143852,High Risk,Sunday,5,True,True,True,CRITICAL: High Calls + High Hours
2025-05-19,148.38901478052244,290.311394294965,Victoria Day,1.2,1.3,178.06681773662692,377.4048125834545,High Risk,Monday,5,True,True,True,CRITICAL: High Calls + High Hours
2025-05-20,150.61713618306544,295.99755718940963,,1.0,1.0,150.61713618306544,295.99755718940963,High Calls,Tuesday,5,True,False,False,High Calls Only
2025-05-21,157.23224029335077,298.7045598220033,,1.0,1.0,157.23224029335077,298.7045598220033,High Calls,Wednesday,5,True,False,False,High Calls Only
2025-05-22,143.07937106326014,286.7539728581042,,1.0,1.0,143.07937106326014,286.7539728581042,High Calls,Thursday,5,True,False,False,High Calls Only
2025-05-23,128.785661243645,279.47757430857206,,1.0,1.0,128.785661243645,279.47757430857206,Normal,Friday,5,False,False,False,Normal
2025-05-24,144.7349786887296,282.79681608896885,,1.0,1.0,144.7349786887296,282.79681608896885,High Calls,Saturday,5,True,False,False,High Calls Only
2025-05-25,146.96794109715177,287.4676762801859,,1.0,1.0,146.96794109715177,287.4676762801859,High Calls,Sunday,5,True,False,False,High Calls Only
2025-05-26,148.71548973847766,290.7597563964966,,1.0,1.0,148.71548973847766,290.7597563964966,High Calls,Monday,5,True,False,False,High Calls Only
2025-05-27,150.94361114102065,296.4459192909412,,1.0,1.0,150.94361114102065,296.4459192909412,High Calls,Tuesday,5,True,False,False,High Calls Only
2025-05-28,157.55871525130598,299.1529219235349,,1.0,1.0,157.55871525130598,299.1529219235349,High Calls,Wednesday,5,True,False,False,High Calls Only
2025-05-29,143.40584602121535,287.2023349596358,,1.0,1.0,143.40584602121535,287.2023349596358,High Calls,Thursday,5,True,False,False,High Calls Only
2025-05-30,129.1121362016002,279.92593641010365,,1.0,1.0,129.1121362016002,279.92593641010365,Normal,Friday,5,False,False,False,Normal
2025-05-31,145.0614536466848,283.24517819050044,,1.0,1.0,145.0614536466848,283.24517819050044,High Calls,Saturday,5,True,False,False,High Calls Only
2025-06-01,147.29441605510698,287.9160383817175,,1.0,1.0,147.29441605510698,287.9160383817175,High Calls,Sunday,6,True,False,False,High Calls Only
2025-06-02,149.04196469643287,291.20811849802817,,1.0,1.0,149.04196469643287,291.20811849802817,High Calls,Monday,6,True,False,False,High Calls Only
2025-06-03,151.27008609897587,296.8942813924728,,1.0,1.0,151.27008609897587,296.8942813924728,High Calls,Tuesday,6,True,False,False,High Calls Only
2025-06-04,157.8851902092612,299.6012840250665,,1.0,1.0,157.8851902092612,299.6012840250665,High Calls,Wednesday,6,True,False,False,High Calls Only
2025-06-05,143.73232097917057,287.65069706116736,,1.0,1.0,143.73232097917057,287.65069706116736,High Calls,Thursday,6,True,False,False,High Calls Only
2025-06-06,129.43861115955542,280.37429851163523,,1.0,1.0,129.43861115955542,280.37429851163523,Normal,Friday,6,False,False,False,Normal
2025-06-07,145.38792860464002,283.693540292032,,1.0,1.0,145.38792860464002,283.693540292032,High Calls,Saturday,6,True,False,False,High Calls Only
2025-06-08,147.6208910130622,288.3644004832491,,1.0,1.0,147.6208910130622,288.3644004832491,High Calls,Sunday,6,True,False,False,High Calls Only
2025-06-09,149.36843965438808,291.65648059955976,,1.0,1.0,149.36843965438808,291.65648059955976,High Calls,Monday,6,True,False,False,High Calls Only
2025-06-10,151.59656105693108,297.3426434940044,,1.0,1.0,151.59656105693108,297.3426434940044,High Calls,Tuesday,6,True,False,False,High Calls Only
2025-06-11,158.2116651672164,300.0496461265981,,1.0,1.0,158.2116651672164,300.0496461265981,High Calls,Wednesday,6,True,False,False,High Calls Only
2025-06-12,144.05879593712578,288.09905916269895,,1.0,1.0,144.05879593712578,288.09905916269895,High Calls,Thursday,6,True,False,False,High Calls Only
2025-06-13,129.76508611751063,280.8226606131668,,1.0,1.0,129.76508611751063,280.8226606131668,Normal,Friday,6,False,False,False,Normal
2025-06-14,145.71440356259524,284.1419023935636,,1.0,1.0,145.71440356259524,284.1419023935636,High Calls,Saturday,6,True,False,False,High Calls Only
2025-06-15,147.9473659710174,288.81276258478067,,1.0,1.0,147.9473659710174,288.81276258478067,High Calls,Sunday,6,True,False,False,High Calls Only
2025-06-16,149.6949146123433,292.10484270109134,,1.0,1.0,149.6949146123433,292.10484270109134,High Calls,Monday,6,True,False,False,High Calls Only
2025-06-17,151.9230360148863,297.791005595536,,1.0,1.0,151.9230360148863,297.791005595536,High Calls,Tuesday,6,True,False,False,High Calls Only
2025-06-18,158.53814012517162,300.49800822812966,,1.0,1.0,158.53814012517162,300.49800822812966,High Calls,Wednesday,6,True,False,False,High Calls Only
2025-06-19,144.385270895081,288.54742126423054,,1.0,1.0,144.385270895081,288.54742126423054,High Calls,Thursday,6,True,False,False,High Calls Only
2025-06-20,130.09156107546585,281.2710227146984,,1.0,1.0,130.09156107546585,281.2710227146984,Normal,Friday,6,False,False,False,Normal
2025-06-21,146.04087852055045,284.5902644950952,,1.0,1.0,146.04087852055045,284.5902644950952,High Calls,Saturday,6,True,False,False,High Calls Only
2025-06-22,148.27384092897262,289.26112468631226,,1.0,1.0,148.27384092897262,289.26112468631226,High Calls,Sunday,6,True,False,False,High Calls Only
2025-06-23,150.0213895702985,292.55320480262293,,1.0,1.0,150.0213895702985,292.55320480262293,High Calls,Monday,6,True,False,False,High Calls Only
2025-06-24,152.2495109728415,298.23936769706756,,1.0,1.0,152.2495109728415,298.23936769706756,High Calls,Tuesday,6,True,False,False,High Calls Only
2025-06-25,158.86461508312684,300.94637032966125,,1.0,1.0,158.86461508312684,300.94637032966125,High Calls,Wednesday,6,True,False,False,High Calls Only
2025-06-26,144.7117458530362,288.9957833657621,,1.0,1.0,144.7117458530362,288.9957833657621,High Calls,Thursday,6,True,False,False,High Calls Only
2025-06-27,130.41803603342106,281.71938481623,,1.0,1.0,130.41803603342106,281.71938481623,Normal,Friday,6,False,False,False,Normal
2025-06-28,146.36735347850566,285.0386265966268,,1.0,1.0,146.36735347850566,285.0386265966268,High Calls,Saturday,6,True,False,False,High Calls Only
2025-06-29,148.60031588692783,289.70948678784384,,1.0,1.0,148.60031588692783,289.70948678784384,High Calls,Sunday,6,True,False,False,High Calls Only
2025-06-30,150.34786452825372,293.0015669041545,Canada Day Eve,1.15,1.2,172.90004420749176,351.6018802849854,High Risk,Monday,6,True,True,True,CRITICAL: High Calls + High Hours
2025-07-01,152.57598593079672,298.68772979859915,Canada Day,1.25,1.35,190.7199824134959,403.2284352281089,High Risk,Tuesday,7,True,True,True,CRITICAL: High Calls + High Hours
2025-07-02,159.19109004108205,301.39473243119284,,1.0,1.0,159.19109004108205,301.39473243119284,High Calls,Wednesday,7,True,False,False,High Calls Only
2025-07-03,145.03822081099142,289.4441454672937,,1.0,1.0,145.03822081099142,289.4441454672937,High Calls,Thursday,7,True,False,False,High Calls Only
2025-07-04,130.74451099137627,282.1677469177616,,1.0,1.0,130.74451099137627,282.1677469177616,Normal,Friday,7,False,False,False,Normal
2025-07-05,146.69382843646088,285.48698869815837,,1.0,1.0,146.69382843646088,285.48698869815837,High Calls,Saturday,7,True,False,False,High Calls Only
2025-07-06,148.92679084488304,290.15784888937543,,1.0,1.0,148.92679084488304,290.15784888937543,High Calls,Sunday,7,True,False,False,High Calls Only
2025-07-07,150.67433948620894,293.4499290056861,,1.0,1.0,150.67433948620894,293.4499290056861,High Calls,Monday,7,True,False,False,High Calls Only
2025-07-08,152.90246088875193,299.13609190013074,,1.0,1.0,152.90246088875193,299.13609190013074,High Calls,Tuesday,7,True,False,False,High Calls Only
2025-07-09,159.51756499903726,301.8430945327244,,1.0,1.0,159.51756499903726,301.8430945327244,High Calls,Wednesday,7,True,False,False,High Calls Only
2025-07-10,145.36469576894663,289.8925075688253,,1.0,1.0,145.36469576894663,289.8925075688253,High Calls,Thursday,7,True,False,False,High Calls Only
2025-07-11,131.0709859493315,282.61610901929316,,1.0,1.0,131.0709859493315,282.61610901929316,Normal,Friday,7,False,False,False,Normal
2025-07-12,147.0203033944161,285.93535079968996,,1.0,1.0,147.0203033944161,285.93535079968996,High Calls,Saturday,7,True,False,False,High Calls Only
2025-07-13,149.25326580283826,290.606210990907,,1.0,1.0,149.25326580283826,290.606210990907,High Calls,Sunday,7,True,False,False,High Calls Only
2025-07-14,151.00081444416415,293.8982911072177,,1.0,1.0,151.00081444416415,293.8982911072177,High Calls,Monday,7,True,False,False,High Calls Only
2025-07-15,153.22893584670715,299.5844540016623,,1.0,1.0,153.22893584670715,299.5844540016623,High Calls,Tuesday,7,True,False,False,High Calls Only
2025-07-16,159.84403995699248,302.291456634256,,1.0,1.0,159.84403995699248,302.291456634256,High Calls,Wednesday,7,True,False,False,High Calls Only
2025-07-17,145.69117072690185,290.3408696703569,,1.0,1.0,145.69117072690185,290.3408696703569,High Calls,Thursday,7,True,False,False,High Calls Only
2025-07-18,131.3974609072867,283.06447112082475,,1.0,1.0,131.3974609072867,283.06447112082475,Normal,Friday,7,False,False,False,Normal
2025-07-19,147.3467783523713,286.38371290122154,,1.0,1.0,147.3467783523713,286.38371290122154,High Calls,Saturday,7,True,False,False,High Calls Only
2025-07-20,149.57974076079347,291.0545730924386,,1.0,1.0,149.57974076079347,291.0545730924386,High Calls,Sunday,7,True,False,False,High Calls Only
2025-07-21,151.32728940211936,294.3466532087493,,1.0,1.0,151.32728940211936,294.3466532087493,High Calls,Monday,7,True,False,False,High Calls Only
2025-07-22,153.55541080466236,300.0328161031939,,1.0,1.0,153.55541080466236,300.0328161031939,High Calls,Tuesday,7,True,False,False,High Calls Only
2025-07-23,160.1705149149477,302.7398187357876,,1.0,1.0,160.1705149149477,302.7398187357876,High Calls,Wednesday,7,True,False,False,High Calls Only
2025-07-24,146.01764568485706,290.78923177188847,,1.0,1.0,146.01764568485706,290.78923177188847,High Calls,Thursday,7,True,False,False,High Calls Only
2025-07-25,131.7239358652419,283.51283322235633,,1.0,1.0,131.7239358652419,283.51283322235633,Normal,Friday,7,False,False,False,Normal
2025-07-26,147.67325331032652,286.83207500275313,,1.0,1.0,147.67325331032652,286.83207500275313,High Calls,Saturday,7,True,False,False,High Calls Only
2025-07-27,149.90621571874868,291.5029351939702,,1.0,1.0,149.90621571874868,291.5029351939702,High Calls,Sunday,7,True,False,False,High Calls Only
2025-07-28,151.65376436007458,294.79501531028086,,1.0,1.0,151.65376436007458,294.79501531028086,High Calls,Monday,7,True,False,False,High Calls Only
2025-07-29,153.88188576261757,300.4811782047255,,1.0,1.0,153.88188576261757,300.4811782047255,High Calls,Tuesday,7,True,False,False,High Calls Only
2025-07-30,160.4969898729029,303.1881808373192,,1.0,1.0,160.4969898729029,303.1881808373192,High Calls,Wednesday,7,True,False,False,High Calls Only
2025-07-31,146.34412064281227,291.23759387342005,,1.0,1.0,146.34412064281227,291.23759387342005,High Calls,Thursday,7,True,False,False,High Calls Only
2025-08-01,132.05041082319713,283.9611953238879,,1.0,1.0,132.05041082319713,283.9611953238879,Normal,Friday,8,False,False,False,Normal
2025-08-02,147.99972826828173,287.2804371042847,August Long Weekend,1.1,1.2,162.79970109510992,344.73652452514165,High Risk,Saturday,8,True,True,True,CRITICAL: High Calls + High Hours
2025-08-03,150.2326906767039,291.9512972955018,August Long Weekend,1.15,1.25,172.76759427820946,364.9391216193772,High Risk,Sunday,8,True,True,True,CRITICAL: High Calls + High Hours
2025-08-04,151.9802393180298,295.24337741181245,Civic Holiday,1.2,1.3,182.37628718163575,383.8163906353562,High Risk,Monday,8,True,True,True,CRITICAL: High Calls + High Hours
2025-08-05,154.20836072057278,300.9295403062571,,1.0,1.0,154.20836072057278,300.9295403062571,High Calls,Tuesday,8,True,False,False,High Calls Only
2025-08-06,160.82346483085811,303.63654293885077,,1.0,1.0,160.82346483085811,303.63654293885077,High Calls,Wednesday,8,True,False,False,High Calls Only
2025-08-07,146.67059560076748,291.68595597495164,,1.0,1.0,146.67059560076748,291.68595597495164,High Calls,Thursday,8,True,False,False,High Calls Only
2025-08-08,132.37688578115234,284.4095574254195,,1.0,1.0,132.37688578115234,284.4095574254195,Normal,Friday,8,False,False,False,Normal
2025-08-09,148.32620322623694,287.7287992058163,,1.0,1.0,148.32620322623694,287.7287992058163,High Calls,Saturday,8,True,False,False,High Calls Only
2025-08-10,150.5591656346591,292.39965939703336,,1.0,1.0,150.5591656346591,292.39965939703336,High Calls,Sunday,8,True,False,False,High Calls Only
2025-08-11,152.306714275985,295.69173951334403,,1.0,1.0,152.306714275985,295.69173951334403,High Calls,Monday,8,True,False,False,High Calls Only
2025-08-12,154.534835678528,301.37790240778867,,1.0,1.0,154.534835678528,301.37790240778867,High Calls,Tuesday,8,True,False,False,High Calls Only
2025-08-13,161.14993978881333,304.08490504038235,,1.0,1.0,161.14993978881333,304.08490504038235,High Calls,Wednesday,8,True,False,False,High Calls Only
2025-08-14,146.9970705587227,292.1343180764832,,1.0,1.0,146.9970705587227,292.1343180764832,High Calls,Thursday,8,True,False,False,High Calls Only
2025-08-15,132.70336073910755,284.8579195269511,,1.0,1.0,132.70336073910755,284.8579195269511,Normal,Friday,8,False,False,False,Normal
2025-08-16,148.65267818419215,288.1771613073479,,1.0,1.0,148.65267818419215,288.1771613073479,High Calls,Saturday,8,True,False,False,High Calls Only
2025-08-17,150.88564059261432,292.84802149856495,,1.0,1.0,150.88564059261432,292.84802149856495,High Calls,Sunday,8,True,False,False,High Calls Only
2025-08-18,152.63318923394021,296.1401016148756,,1.0,1.0,152.63318923394021,296.1401016148756,High Calls,Monday,8,True,False,False,High Calls Only
2025-08-19,154.8613106364832,301.82626450932025,,1.0,1.0,154.8613106364832,301.82626450932025,High Calls,Tuesday,8,True,False,False,High Calls Only
2025-08-20,161.47641474676854,304.53326714191394,,1.0,1.0,161.47641474676854,304.53326714191394,High Calls,Wednesday,8,True,False,False,High Calls Only
2025-08-21,147.3235455166779,292.5826801780148,,1.0,1.0,147.3235455166779,292.5826801780148,High Calls,Thursday,8,True,False,False,High Calls Only
2025-08-22,133.02983569706277,285.3062816284827,,1.0,1.0,133.02983569706277,285.3062816284827,Normal,Friday,8,False,False,False,Normal
2025-08-23,148.97915314214737,288.6255234088795,,1.0,1.0,148.97915314214737,288.6255234088795,High Calls,Saturday,8,True,False,False,High Calls Only
2025-08-24,151.21211555056954,293.29638360009653,,1.0,1.0,151.21211555056954,293.29638360009653,High Calls,Sunday,8,True,False,False,High Calls Only
2025-08-25,152.95966419189543,296.5884637164072,,1.0,1.0,152.95966419189543,296.5884637164072,High Calls,Monday,8,True,False,False,High Calls Only
2025-08-26,155.18778559443842,302.27462661085184,,1.0,1.0,155.18778559443842,302.27462661085184,High Calls,Tuesday,8,True,False,False,High Calls Only
2025-08-27,161.80288970472375,304.9816292434455,,1.0,1.0,161.80288970472375,304.9816292434455,High Calls,Wednesday,8,True,False,False,High Calls Only
2025-08-28,147.65002047463312,293.0310422795464,,1.0,1.0,147.65002047463312,293.0310422795464,High Calls,Thursday,8,True,False,False,High Calls Only
2025-08-29,133.35631065501798,285.75464373001427,,1.0,1.0,133.35631065501798,285.75464373001427,Normal,Friday,8,False,False,False,Normal
2025-08-30,149.30562810010258,289.07388551041106,Labour Day Weekend,1.1,1.2,164.23619091011284,346.88866261249325,High Risk,Saturday,8,True,True,True,CRITICAL: High Calls + High Hours
2025-08-31,151.53859050852475,293.7447457016281,Labour Day Weekend,1.15,1.25,174.26937908480346,367.18093212703513,High Risk,Sunday,8,True,True,True,CRITICAL: High Calls + High Hours
2025-09-01,153.28613914985064,297.0368258179388,Labour Day,1.2,1.3,183.94336697982075,386.14787356332045,High Risk,Monday,9,True,True,True,CRITICAL: High Calls + High Hours
2025-09-02,155.51426055239364,302.7229887123834,,1.0,1.0,155.51426055239364,302.7229887123834,High Calls,Tuesday,9,True,False,False,High Calls Only
2025-09-03,162.12936466267897,305.4299913449771,,1.0,1.0,162.12936466267897,305.4299913449771,High Calls,Wednesday,9,True,False,False,High Calls Only
2025-09-04,147.97649543258834,293.479404381078,,1.0,1.0,147.97649543258834,293.479404381078,High Calls,Thursday,9,True,False,False,High Calls Only
2025-09-05,133.6827856129732,286.20300583154585,,1.0,1.0,133.6827856129732,286.20300583154585,Normal,Friday,9,False,False,False,Normal
2025-09-06,149.6321030580578,289.52224761194265,,1.0,1.0,149.6321030580578,289.52224761194265,High Calls,Saturday,9,True,False,False,High Calls Only
2025-09-07,151.86506546647996,294.1931078031597,,1.0,1.0,151.86506546647996,294.1931078031597,High Calls,Sunday,9,True,False,False,High Calls Only
2025-09-08,153.61261410780585,297.4851879194704,,1.0,1.0,153.61261410780585,297.4851879194704,High Calls,Monday,9,True,False,False,High Calls Only
2025-09-09,155.84073551034885,303.171350813915,,1.0,1.0,155.84073551034885,303.171350813915,High Calls,Tuesday,9,True,False,False,High Calls Only
2025-09-10,162.45583962063418,305.8783534465087,,1.0,1.0,162.45583962063418,305.8783534465087,High Calls,Wednesday,9,True,False,False,High Calls Only
2025-09-11,148.30297039054355,293.92776648260957,,1.0,1.0,148.30297039054355,293.92776648260957,High Calls,Thursday,9,True,False,False,High Calls Only
2025-09-12,134.0092605709284,286.65136793307744,,1.0,1.0,134.0092605709284,286.65136793307744,Normal,Friday,9,False,False,False,Normal
2025-09-13,149.958578016013,289.97060971347423,,1.0,1.0,149.958578016013,289.97060971347423,High Calls,Saturday,9,True,False,False,High Calls Only
2025-09-14,152.19154042443517,294.6414699046913,,1.0,1.0,152.19154042443517,294.6414699046913,High Calls,Sunday,9,True,False,False,High Calls Only
2025-09-15,153.93908906576107,297.93355002100196,,1.0,1.0,153.93908906576107,297.93355002100196,High Calls,Monday,9,True,False,False,High Calls Only
2025-09-16,156.16721046830406,303.6197129154466,,1.0,1.0,156.16721046830406,303.6197129154466,High Calls,Tuesday,9,True,False,False,High Calls Only
2025-09-17,162.7823145785894,306.3267155480403,,1.0,1.0,162.7823145785894,306.3267155480403,High Calls,Wednesday,9,True,False,False,High Calls Only
2025-09-18,148.62944534849876,294.37612858414116,,1.0,1.0,148.62944534849876,294.37612858414116,High Calls,Thursday,9,True,False,False,High Calls Only
2025-09-19,134.33573552888362,287.099730034609,,1.0,1.0,134.33573552888362,287.099730034609,Normal,Friday,9,False,False,False,Normal
2025-09-20,150.28505297396822,290.4189718150058,,1.0,1.0,150.28505297396822,290.4189718150058,High Calls,Saturday,9,True,False,False,High Calls Only
2025-09-21,152.5180153823904,295.0898320062229,,1.0,1.0,152.5180153823904,295.0898320062229,High Calls,Sunday,9,True,False,False,High Calls Only
2025-09-22,154.26556402371628,298.38191212253355,,1.0,1.0,154.26556402371628,298.38191212253355,High Calls,Monday,9,True,False,False,High Calls Only
2025-09-23,156.49368542625928,304.0680750169782,,1.0,1.0,156.49368542625928,304.0680750169782,High Calls,Tuesday,9,True,False,False,High Calls Only
2025-09-24,163.1087895365446,306.77507764957187,,1.0,1.0,163.1087895365446,306.77507764957187,High Calls,Wednesday,9,True,False,False,High Calls Only
2025-09-25,148.95592030645398,294.82449068567274,,1.0,1.0,148.95592030645398,294.82449068567274,High Calls,Thursday,9,True,False,False,High Calls Only
2025-09-26,134.66221048683883,287.5480921361406,,1.0,1.0,134.66221048683883,287.5480921361406,Normal,Friday,9,False,False,False,Normal
2025-09-27,150.61152793192343,290.8673339165374,,1.0,1.0,150.61152793192343,290.8673339165374,High Calls,Saturday,9,True,False,False,High Calls Only
2025-09-28,152.8444903403456,295.53819410775446,,1.0,1.0,152.8444903403456,295.53819410775446,High Calls,Sunday,9,True,False,False,High Calls Only
2025-09-29,154.5920389816715,298.83027422406514,,1.0,1.0,154.5920389816715,298.83027422406514,High Calls,Monday,9,True,False,False,High Calls Only
2025-09-30,156.8201603842145,304.51643711850977,,1.0,1.0,156.8201603842145,304.51643711850977,High Calls,Tuesday,9,True,False,False,High Calls Only
2025-10-01,163.43526449449982,307.22343975110346,,1.0,1.0,163.43526449449982,307.22343975110346,High Calls,Wednesday,10,True,False,False,High Calls Only
2025-10-02,149.2823952644092,295.27285278720433,,1.0,1.0,149.2823952644092,295.27285278720433,High Calls,Thursday,10,True,False,False,High Calls Only
2025-10-03,134.98868544479404,287.9964542376722,,1.0,1.0,134.98868544479404,287.9964542376722,Normal,Friday,10,False,False,False,Normal
2025-10-04,150.93800288987865,291.315696018069,,1.0,1.0,150.93800288987865,291.315696018069,High Calls,Saturday,10,True,False,False,High Calls Only
2025-10-05,153.1709652983008,295.98655620928605,,1.0,1.0,153.1709652983008,295.98655620928605,High Calls,Sunday,10,True,False,False,High Calls Only
2025-10-06,154.9185139396267,299.2786363255967,,1.0,1.0,154.9185139396267,299.2786363255967,High Calls,Monday,10,True,False,False,High Calls Only
2025-10-07,157.1466353421697,304.96479922004136,,1.0,1.0,157.1466353421697,304.96479922004136,High Calls,Tuesday,10,True,False,False,High Calls Only
2025-10-08,163.76173945245503,307.67180185263504,,1.0,1.0,163.76173945245503,307.67180185263504,High Calls,Wednesday,10,True,False,False,High Calls Only
2025-10-09,149.6088702223644,295.7212148887359,,1.0,1.0,149.6088702223644,295.7212148887359,High Calls,Thursday,10,True,False,False,High Calls Only
2025-10-10,135.31516040274926,288.4448163392038,,1.0,1.0,135.31516040274926,288.4448163392038,Normal,Friday,10,False,False,False,Normal
2025-10-11,151.26447784783386,291.7640581196006,Thanksgiving Weekend,1.1,1.25,166.39092563261727,364.7050726495007,High Risk,Saturday,10,True,True,True,CRITICAL: High Calls + High Hours
2025-10-12,153.49744025625603,296.43491831081764,Thanksgiving Weekend,1.1,1.3,168.84718428188165,385.36539380406293,High Risk,Sunday,10,True,True,True,CRITICAL: High Calls + High Hours
2025-10-13,155.24498889758192,299.7269984271283,Thanksgiving,1.15,1.35,178.5317372322192,404.63144787662327,High Risk,Monday,10,True,True,True,CRITICAL: High Calls + High Hours
2025-10-14,157.47311030012492,305.41316132157294,,1.0,1.0,157.47311030012492,305.41316132157294,High Calls,Tuesday,10,True,False,False,High Calls Only
2025-10-15,164.08821441041025,308.1201639541666,,1.0,1.0,164.08821441041025,308.1201639541666,High Calls,Wednesday,10,True,False,False,High Calls Only
2025-10-16,149.93534518031962,296.1695769902675,,1.0,1.0,149.93534518031962,296.1695769902675,High Calls,Thursday,10,True,False,False,High Calls Only
2025-10-17,135.64163536070447,288.89317844073537,,1.0,1.0,135.64163536070447,288.89317844073537,Normal,Friday,10,False,False,False,Normal
2025-10-18,151.59095280578907,292.21242022113216,,1.0,1.0,151.59095280578907,292.21242022113216,High Calls,Saturday,10,True,False,False,High Calls Only
2025-10-19,153.82391521421124,296.8832804123492,,1.0,1.0,153.82391521421124,296.8832804123492,High Calls,Sunday,10,True,False,False,High Calls Only
2025-10-20,155.57146385553713,300.1753605286599,,1.0,1.0,155.57146385553713,300.1753605286599,High Calls,Monday,10,True,False,False,High Calls Only
2025-10-21,157.79958525808013,305.86152342310453,,1.0,1.0,157.79958525808013,305.86152342310453,High Calls,Tuesday,10,True,False,False,High Calls Only
2025-10-22,164.41468936836546,308.5685260556982,,1.0,1.0,164.41468936836546,308.5685260556982,High Calls,Wednesday,10,True,False,False,High Calls Only
2025-10-23,150.26182013827483,296.6179390917991,,1.0,1.0,150.26182013827483,296.6179390917991,High Calls,Thursday,10,True,False,False,High Calls Only
2025-10-24,135.96811031865968,289.34154054226696,,1.0,1.0,135.96811031865968,289.34154054226696,Normal,Friday,10,False,False,False,Normal
2025-10-25,151.91742776374429,292.66078232266375,,1.0,1.0,151.91742776374429,292.66078232266375,High Calls,Saturday,10,True,False,False,High Calls Only
2025-10-26,154.15039017216645,297.3316425138808,,1.0,1.0,154.15039017216645,297.3316425138808,High Calls,Sunday,10,True,False,False,High Calls Only
2025-10-27,155.89793881349235,300.6237226301915,,1.0,1.0,155.89793881349235,300.6237226301915,High Calls,Monday,10,True,False,False,High Calls Only
2025-10-28,158.12606021603534,306.3098855246361,,1.0,1.0,158.12606021603534,306.3098855246361,High Calls,Tuesday,10,True,False,False,High Calls Only
2025-10-29,164.74116432632067,309.0168881572298,,1.0,1.0,164.74116432632067,309.0168881572298,High Calls,Wednesday,10,True,False,False,High Calls Only
2025-10-30,150.58829509623004,297.0663011933307,,1.0,1.0,150.58829509623004,297.0663011933307,High Calls,Thursday,10,True,False,False,High Calls Only
2025-10-31,136.2945852766149,289.78990264379854,,1.0,1.0,136.2945852766149,289.78990264379854,Normal,Friday,10,False,False,False,Normal
2025-11-01,152.2439027216995,293.10914442419534,,1.0,1.0,152.2439027216995,293.10914442419534,High Calls,Saturday,11,True,False,False,High Calls Only
2025-11-02,154.47686513012167,297.7800046154124,,1.0,1.0,154.47686513012167,297.7800046154124,High Calls,Sunday,11,True,False,False,High Calls Only
2025-11-03,156.22441377144756,301.07208473172307,,1.0,1.0,156.22441377144756,301.07208473172307,High Calls,Monday,11,True,False,False,High Calls Only
2025-11-04,158.45253517399055,306.7582476261677,,1.0,1.0,158.45253517399055,306.7582476261677,High Calls,Tuesday,11,True,False,False,High Calls Only
2025-11-05,165.06763928427588,309.4652502587614,,1.0,1.0,165.06763928427588,309.4652502587614,High Calls,Wednesday,11,True,False,False,High Calls Only
2025-11-06,150.91477005418525,297.51466329486226,,1.0,1.0,150.91477005418525,297.51466329486226,High Calls,Thursday,11,True,False,False,High Calls Only
2025-11-07,136.6210602345701,290.2382647453301,,1.0,1.0,136.6210602345701,290.2382647453301,Normal,Friday,11,False,False,False,Normal
2025-11-08,152.5703776796547,293.5575065257269,,1.0,1.0,152.5703776796547,293.5575065257269,High Calls,Saturday,11,True,False,False,High Calls Only
2025-11-09,154.80334008807688,298.228366716944,,1.0,1.0,154.80334008807688,298.228366716944,High Calls,Sunday,11,True,False,False,High Calls Only
2025-11-10,156.55088872940277,301.52044683325465,,1.0,1.0,156.55088872940277,301.52044683325465,High Calls,Monday,11,True,False,False,High Calls Only
2025-11-11,158.77901013194577,307.2066097276993,Remembrance Day,1.1,1.2,174.65691114514036,368.64793167323916,High Risk,Tuesday,11,True,True,True,CRITICAL: High Calls + High Hours
2025-11-12,165.3941142422311,309.913612360293,,1.0,1.0,165.3941142422311,309.913612360293,High Calls,Wednesday,11,True,False,False,High Calls Only
2025-11-13,151.24124501214047,297.96302539639385,,1.0,1.0,151.24124501214047,297.96302539639385,High Calls,Thursday,11,True,False,False,High Calls Only
2025-11-14,136.94753519252532,290.6866268468617,,1.0,1.0,136.94753519252532,290.6866268468617,Normal,Friday,11,False,False,False,Normal
2025-11-15,152.89685263760992,294.0058686272585,,1.0,1.0,152.89685263760992,294.0058686272585,High Calls,Saturday,11,True,False,False,High Calls Only
2025-11-16,155.1298150460321,298.67672881847557,,1.0,1.0,155.1298150460321,298.67672881847557,High Calls,Sunday,11,True,False,False,High Calls Only
2025-11-17,156.87736368735798,301.96880893478624,,1.0,1.0,156.87736368735798,301.96880893478624,High Calls,Monday,11,True,False,False,High Calls Only
2025-11-18,159.10548508990098,307.6549718292309,,1.0,1.0,159.10548508990098,307.6549718292309,High Calls,Tuesday,11,True,False,False,High Calls Only
2025-11-19,165.7205892001863,310.36197446182456,,1.0,1.0,165.7205892001863,310.36197446182456,High Calls,Wednesday,11,True,False,False,High Calls Only
2025-11-20,151.56771997009568,298.41138749792543,,1.0,1.0,151.56771997009568,298.41138749792543,High Calls,Thursday,11,True,False,False,High Calls Only
2025-11-21,137.27401015048054,291.1349889483933,,1.0,1.0,137.27401015048054,291.1349889483933,Normal,Friday,11,False,False,False,Normal
2025-11-22,153.22332759556514,294.4542307287901,,1.0,1.0,153.22332759556514,294.4542307287901,High Calls,Saturday,11,True,False,False,High Calls Only
2025-11-23,155.4562900039873,299.12509092000715,,1.0,1.0,155.4562900039873,299.12509092000715,High Calls,Sunday,11,True,False,False,High Calls Only
2025-11-24,157.2038386453132,302.4171710363178,,1.0,1.0,157.2038386453132,302.4171710363178,High Calls,Monday,11,True,False,False,High Calls Only
2025-11-25,159.4319600478562,308.10333393076246,,1.0,1.0,159.4319600478562,308.10333393076246,High Calls,Tuesday,11,True,False,False,High Calls Only
2025-11-26,166.04706415814152,310.81033656335615,,1.0,1.0,166.04706415814152,310.81033656335615,High Calls,Wednesday,11,True,False,False,High Calls Only
2025-11-27,151.8941949280509,298.859749599457,,1.0,1.0,151.8941949280509,298.859749599457,High Calls,Thursday,11,True,False,False,High Calls Only
2025-11-28,137.60048510843575,291.5833510499249,,1.0,1.0,137.60048510843575,291.5833510499249,Normal,Friday,11,False,False,False,Normal
2025-11-29,153.54980255352035,294.9025928303217,,1.0,1.0,153.54980255352035,294.9025928303217,High Calls,Saturday,11,True,False,False,High Calls Only
2025-11-30,155.78276496194252,299.57345302153874,,1.0,1.0,155.78276496194252,299.57345302153874,High Calls,Sunday,11,True,False,False,High Calls Only
2025-12-01,157.5303136032684,302.8655331378494,,1.0,1.0,157.5303136032684,302.8655331378494,High Calls,Monday,12,True,False,False,High Calls Only
2025-12-02,159.7584350058114,308.55169603229405,,1.0,1.0,159.7584350058114,308.55169603229405,High Calls,Tuesday,12,True,False,False,High Calls Only
2025-12-03,166.37353911609674,311.25869866488773,,1.0,1.0,166.37353911609674,311.25869866488773,High Calls,Wednesday,12,True,False,False,High Calls Only
2025-12-04,152.2206698860061,299.3081117009886,,1.0,1.0,152.2206698860061,299.3081117009886,High Calls,Thursday,12,True,False,False,High Calls Only
2025-12-05,137.92696006639096,292.0317131514565,,1.0,1.0,137.92696006639096,292.0317131514565,Normal,Friday,12,False,False,False,Normal
2025-12-06,153.87627751147556,295.35095493185327,,1.0,1.0,153.87627751147556,295.35095493185327,High Calls,Saturday,12,True,False,False,High Calls Only
2025-12-07,156.10923991989773,300.0218151230703,,1.0,1.0,156.10923991989773,300.0218151230703,High Calls,Sunday,12,True,False,False,High Calls Only
2025-12-08,157.85678856122362,303.313895239381,,1.0,1.0,157.85678856122362,303.313895239381,High Calls,Monday,12,True,False,False,High Calls Only
2025-12-09,160.08490996376662,309.00005813382563,,1.0,1.0,160.08490996376662,309.00005813382563,High Calls,Tuesday,12,True,False,False,High Calls Only
2025-12-10,166.70001407405195,311.7070607664193,,1.0,1.0,166.70001407405195,311.7070607664193,High Calls,Wednesday,12,True,False,False,High Calls Only
2025-12-11,152.54714484396132,299.7564738025202,,1.0,1.0,152.54714484396132,299.7564738025202,High Calls,Thursday,12,True,False,False,High Calls Only
2025-12-12,138.25343502434617,292.48007525298806,,1.0,1.0,138.25343502434617,292.48007525298806,Normal,Friday,12,False,False,False,Normal
2025-12-13,154.20275246943078,295.79931703338485,,1.0,1.0,154.20275246943078,295.79931703338485,High Calls,Saturday,12,True,False,False,High Calls Only
2025-12-14,156.43571487785294,300.4701772246019,,1.0,1.0,156.43571487785294,300.4701772246019,High Calls,Sunday,12,True,False,False,High Calls Only
2025-12-15,158.18326351917884,303.7622573409126,,1.0,1.0,158.18326351917884,303.7622573409126,High Calls,Monday,12,True,False,False,High Calls Only
2025-12-16,160.41138492172183,309.4484202353572,,1.0,1.0,160.41138492172183,309.4484202353572,High Calls,Tuesday,12,True,False,False,High Calls Only
2025-12-17,167.02648903200716,312.1554228679509,,1.0,1.0,167.02648903200716,312.1554228679509,High Calls,Wednesday,12,True,False,False,High Calls Only
2025-12-18,152.87361980191653,300.2048359040518,,1.0,1.0,152.87361980191653,300.2048359040518,High Calls,Thursday,12,True,False,False,High Calls Only
2025-12-19,138.5799099823014,292.92843735451964,,1.0,1.0,138.5799099823014,292.92843735451964,Normal,Friday,12,False,False,False,Normal
2025-12-20,154.529227427386,296.24767913491644,,1.0,1.0,154.529227427386,296.24767913491644,High Calls,Saturday,12,True,False,False,High Calls Only
2025-12-21,156.76218983580816,300.9185393261335,,1.0,1.0,156.76218983580816,300.9185393261335,High Calls,Sunday,12,True,False,False,High Calls Only
2025-12-22,158.50973847713405,304.21061944244417,,1.0,1.0,158.50973847713405,304.21061944244417,High Calls,Monday,12,True,False,False,High Calls Only
2025-12-23,160.73785987967705,309.8967823368888,,1.0,1.0,160.73785987967705,309.8967823368888,High Calls,Tuesday,12,True,False,False,High Calls Only
2025-12-24,167.35296398996238,312.6037849694825,Christmas Eve,1.2,1.4,200.82355678795486,437.6452989572755,High Risk,Wednesday,12,True,True,True,CRITICAL: High Calls + High Hours
2025-12-25,153.20009475987175,300.65319800558336,Christmas Day,1.15,1.5,176.1801089738525,450.97979700837504,High Risk,Thursday,12,True,True,True,CRITICAL: High Calls + High Hours
2025-12-26,138.9063849402566,293.37679945605123,Boxing Day,1.2,1.4,166.6876619283079,410.7275192384717,High Risk,Friday,12,True,True,True,CRITICAL: High Calls + High Hours
2025-12-27,154.8557023853412,296.696041236448,Christmas Week,1.1,1.3,170.34127262387534,385.70485360738246,High Risk,Saturday,12,True,True,True,CRITICAL: High Calls + High Hours
2025-12-28,157.08866479376337,301.3669014276651,,1.0,1.0,157.08866479376337,301.3669014276651,High Calls,Sunday,12,True,False,False,High Calls Only
2025-12-29,158.83621343508926,304.65898154397576,,1.0,1.0,158.83621343508926,304.65898154397576,High Calls,Monday,12,True,False,False,High Calls Only
2025-12-30,161.06433483763226,310.3451444384204,,1.0,1.0,161.06433483763226,310.3451444384204,High Calls,Tuesday,12,True,False,False,High Calls Only
2025-12-31,167.6794389479176,313.0521470710141,New Year Eve 2025,1.2,1.3,201.2153267375011,406.9677911923183,High Risk,Wednesday,12,True,True,True,CRITICAL: High Calls + High Hours
